-- MySQL dump 10.13  Distrib 9.5.0, for macos15.7 (arm64)
--
-- Host: 10.16.41.190    Database: spider1_0_book_1
-- ------------------------------------------------------
-- Server version	9.0.1

/*!40101 SET @OLD_CHARACTER_SET_CLIENT=@@CHARACTER_SET_CLIENT */;
/*!40101 SET @OLD_CHARACTER_SET_RESULTS=@@CHARACTER_SET_RESULTS */;
/*!40101 SET @OLD_COLLATION_CONNECTION=@@COLLATION_CONNECTION */;
/*!50503 SET NAMES utf8mb4 */;
/*!40103 SET @OLD_TIME_ZONE=@@TIME_ZONE */;
/*!40103 SET TIME_ZONE='+00:00' */;
/*!40014 SET @OLD_UNIQUE_CHECKS=@@UNIQUE_CHECKS, UNIQUE_CHECKS=0 */;
/*!40014 SET @OLD_FOREIGN_KEY_CHECKS=@@FOREIGN_KEY_CHECKS, FOREIGN_KEY_CHECKS=0 */;
/*!40101 SET @OLD_SQL_MODE=@@SQL_MODE, SQL_MODE='NO_AUTO_VALUE_ON_ZERO' */;
/*!40111 SET @OLD_SQL_NOTES=@@SQL_NOTES, SQL_NOTES=0 */;

--
-- Dumping data for table `Author`
--

LOCK TABLES `Author` WRITE;
/*!40000 ALTER TABLE `Author` DISABLE KEYS */;
INSERT INTO `Author` VALUES ('1','Jane Austin'),('2','George Orwell'),('3','J.R.R Tolkien'),('4','Antoine de Saint-Exupy'),('5','Bram Stoker'),('6','Plato'),('7','Vladimir Nabokov');
/*!40000 ALTER TABLE `Author` ENABLE KEYS */;
UNLOCK TABLES;
LOCK TABLES `Book` WRITE;
/*!40000 ALTER TABLE `Book` DISABLE KEYS */;
INSERT INTO `Book` VALUES ('0482174555366','Lolita','1998','4','9.45'),('0853477468299','Dracula','2011','9.45','13.45'),('1235271378662','1984','2009','12.5','19.25'),('1243415243666','The Republic','1997','10.45','15.75'),('4554672899910','The Hobbit','2002','19','33.15'),('5463467723747','The Little Prince','2000','49','73.45'),('8233771378567','Pride and Prejudice','2008','9.45','13.45');
/*!40000 ALTER TABLE `Book` ENABLE KEYS */;
UNLOCK TABLES;
--
-- Dumping data for table `Author_Book`
--

LOCK TABLES `Author_Book` WRITE;
/*!40000 ALTER TABLE `Author_Book` DISABLE KEYS */;
INSERT INTO `Author_Book` VALUES ('8233771378567','1'),('1235271378662','2'),('4554672899910','3'),('5463467723747','4'),('0853477468299','5'),('1243415243666','6'),('0482174555366','7');
/*!40000 ALTER TABLE `Author_Book` ENABLE KEYS */;
UNLOCK TABLES;

--
-- Dumping data for table `Book`
--

LOCK TABLES `Client` WRITE;
/*!40000 ALTER TABLE `Client` DISABLE KEYS */;
INSERT INTO `Client` VALUES ('0000001','James Smith','Picadilly 2','1234567890123456'),('0000002','Laura Jones','Holland Park 13','1234567756953456'),('0000003','Peter Doe','High Street 42','1237596390123456'),('0000004','Rose Johnson','Notting Hill 46','4896357890123456'),('0000005','Joseph Clinton','Leicester Square 1','1224569890123456'),('0000006','Betty Fraser','Whitehall 32','2444889890123456');
/*!40000 ALTER TABLE `Client` ENABLE KEYS */;
UNLOCK TABLES;

LOCK TABLES `Orders` WRITE;
/*!40000 ALTER TABLE `Orders` DISABLE KEYS */;
INSERT INTO `Orders` VALUES ('0000001P','0000001',NULL,NULL),('0000002P','0000001',NULL,NULL),('0000003P','0000002',NULL,NULL),('0000004P','0000004',NULL,NULL),('0000005P','0000005',NULL,NULL),('0000006P','0000003',NULL,NULL);
/*!40000 ALTER TABLE `Orders` ENABLE KEYS */;
UNLOCK TABLES;
--
-- Dumping data for table `Books_Order`
--

LOCK TABLES `Books_Order` WRITE;
/*!40000 ALTER TABLE `Books_Order` DISABLE KEYS */;
INSERT INTO `Books_Order` VALUES ('0482174555366','0000002P',1),('1243415243666','0000003P',1),('1243415243666','0000005P',1),('4554672899910','0000003P',1),('4554672899910','0000005P',1),('5463467723747','0000001P',2),('5463467723747','0000005P',3),('8233771378567','0000001P',1),('8233771378567','0000003P',1),('8233771378567','0000004P',1),('8233771378567','0000006P',5);
/*!40000 ALTER TABLE `Books_Order` ENABLE KEYS */;
UNLOCK TABLES;

--
-- Dumping data for table `Client`
--


--
-- Dumping data for table `Orders`
--


/*!40103 SET TIME_ZONE=@OLD_TIME_ZONE */;

/*!40101 SET SQL_MODE=@OLD_SQL_MODE */;
/*!40014 SET FOREIGN_KEY_CHECKS=@OLD_FOREIGN_KEY_CHECKS */;
/*!40014 SET UNIQUE_CHECKS=@OLD_UNIQUE_CHECKS */;
/*!40101 SET CHARACTER_SET_CLIENT=@OLD_CHARACTER_SET_CLIENT */;
/*!40101 SET CHARACTER_SET_RESULTS=@OLD_CHARACTER_SET_RESULTS */;
/*!40101 SET COLLATION_CONNECTION=@OLD_COLLATION_CONNECTION */;
/*!40111 SET SQL_NOTES=@OLD_SQL_NOTES */;

-- Dump completed on 2025-12-10  9:46:15
