-- MySQL dump 10.13  Distrib 9.5.0, for macos15.7 (arm64)
--
-- Host: 10.16.41.190    Database: spider1_0_bakery_1
-- ------------------------------------------------------
-- Server version	9.0.1

/*!40101 SET @OLD_CHARACTER_SET_CLIENT=@@CHARACTER_SET_CLIENT */;
/*!40101 SET @OLD_CHARACTER_SET_RESULTS=@@CHARACTER_SET_RESULTS */;
/*!40101 SET @OLD_COLLATION_CONNECTION=@@COLLATION_CONNECTION */;
/*!50503 SET NAMES utf8mb4 */;
/*!40103 SET @OLD_TIME_ZONE=@@TIME_ZONE */;
/*!40103 SET TIME_ZONE='+00:00' */;
/*!40014 SET @OLD_UNIQUE_CHECKS=@@UNIQUE_CHECKS, UNIQUE_CHECKS=0 */;
/*!40014 SET @OLD_FOREIGN_KEY_CHECKS=@@FOREIGN_KEY_CHECKS, FOREIGN_KEY_CHECKS=0 */;
/*!40101 SET @OLD_SQL_MODE=@@SQL_MODE, SQL_MODE='NO_AUTO_VALUE_ON_ZERO' */;
/*!40111 SET @OLD_SQL_NOTES=@@SQL_NOTES, SQL_NOTES=0 */;

--
-- Dumping data for table `Customers`
--

LOCK TABLES `Customers` WRITE;
/*!40000 ALTER TABLE `Customers` DISABLE KEYS */;
INSERT INTO `Customers` VALUES (1,'LOGAN','JULIET'),(2,'ARZT','TERRELL'),(3,'ESPOSITA','TRAVIS'),(4,'ENGLEY','SIXTA'),(5,'DUNLOW','OSVALDO'),(6,'SLINGLAND','JOSETTE'),(7,'TOUSSAND','SHARRON'),(8,'HELING','RUPERT'),(9,'HAFFERKAMP','CUC'),(10,'DUKELOW','CORETTA'),(11,'STADICK','MIGDALIA'),(12,'MCMAHAN','MELLIE'),(13,'ARNN','KIP'),(14,'SOPKO','RAYFORD'),(15,'CALLENDAR','DAVID'),(16,'CRUZEN','ARIANE'),(17,'MESDAQ','CHARLENE'),(18,'DOMKOWSKI','ALMETA'),(19,'STENZ','NATACHA'),(20,'ZEME','STEPHEN');
/*!40000 ALTER TABLE `Customers` ENABLE KEYS */;
UNLOCK TABLES;

--
-- Dumping data for table `Goods`
--

LOCK TABLES `Goods` WRITE;
/*!40000 ALTER TABLE `Goods` DISABLE KEYS */;
INSERT INTO `Goods` VALUES ('20-BC-C-10','Chocolate','Cake',8.95),('20-BC-L-10','Lemon','Cake',8.95),('20-CA-7.5','Casino','Cake',15.95),('24-8x10','Opera','Cake',15.95),('25-STR-9','Strawberry','Cake',11.95),('26-8x10','Truffle','Cake',15.95),('45-CH','Chocolate','Eclair',3.25),('45-CO','Coffee','Eclair',3.5),('45-VA','Vanilla','Eclair',3.25),('46-11','Napoleon','Cake',13.49),('50-ALM','Almond','Croissant',1.45),('50-APP','Apple','Croissant',1.45),('50-APR','Apricot','Croissant',1.45),('50-CH','Chocolate','Croissant',1.75),('50-CHS','Cheese','Croissant',1.75),('51-APP','Apple','Danish',1.15),('51-APR','Apricot','Danish',1.15),('51-ATW','Almond','Twist',1.15),('51-BC','Almond','Bear Claw',1.95),('51-BLU','Blueberry','Danish',1.15),('70-GA','Ganache','Cookie',1.15),('70-GON','Gongolais','Cookie',1.15),('70-LEM','Lemon','Cookie',0.79),('70-M-CH-DZ','Chocolate','Meringue',1.25),('70-M-VA-SM-DZ','Vanilla','Meringue',1.15),('70-MAR','Marzipan','Cookie',1.25),('70-R','Raspberry','Cookie',1.09),('70-TU','Tuile','Cookie',1.25),('70-W','Walnut','Cookie',0.79),('90-ALM-I','Almond','Tart',3.75),('90-APIE-10','Apple','Pie',5.25),('90-APP-11','Apple','Tart',3.25),('90-APR-PF','Apricot','Tart',3.25),('90-BER-11','Berry','Tart',3.25),('90-BLK-PF','Blackberry','Tart',3.25),('90-BLU-11','Blueberry','Tart',3.25),('90-CH-PF','Chocolate','Tart',3.75),('90-CHR-11','Cherry','Tart',3.25),('90-LEM-11','Lemon','Tart',3.25),('90-PEC-11','Pecan','Tart',3.75);
/*!40000 ALTER TABLE `Goods` ENABLE KEYS */;
UNLOCK TABLES;

--
-- Dumping data for table `Items`
--

LOCK TABLES `Items` WRITE;
/*!40000 ALTER TABLE `Items` DISABLE KEYS */;
INSERT INTO `Items` VALUES (17685,1,'20-BC-L-10'),(21040,2,'20-BC-L-10'),(26198,4,'20-BC-L-10'),(39829,1,'20-BC-L-10'),(49977,4,'20-BC-L-10'),(53922,3,'20-BC-L-10'),(60270,1,'20-BC-L-10'),(62707,3,'20-BC-L-10'),(70796,2,'20-BC-L-10'),(86861,1,'20-BC-L-10'),(12396,5,'20-CA-7.5'),(12800,2,'20-CA-7.5'),(17729,5,'20-CA-7.5'),(24829,1,'20-CA-7.5'),(26148,1,'20-CA-7.5'),(26240,1,'20-CA-7.5'),(32701,3,'20-CA-7.5'),(40305,1,'20-CA-7.5'),(45062,2,'20-CA-7.5'),(55944,1,'20-CA-7.5'),(58770,4,'20-CA-7.5'),(61008,1,'20-CA-7.5'),(64477,5,'20-CA-7.5'),(67314,4,'20-CA-7.5'),(72207,2,'20-CA-7.5'),(85858,1,'20-CA-7.5'),(96402,2,'20-CA-7.5'),(13355,1,'24-8x10'),(16532,4,'24-8x10'),(34579,1,'24-8x10'),(34910,2,'24-8x10'),(37636,3,'24-8x10'),(44590,2,'24-8x10'),(45976,1,'24-8x10'),(61948,4,'24-8x10'),(64451,3,'24-8x10'),(65165,1,'24-8x10'),(68199,2,'24-8x10'),(77406,5,'24-8x10'),(83085,2,'24-8x10'),(96258,3,'24-8x10'),(96531,1,'24-8x10'),(19002,2,'25-STR-9'),(25906,1,'25-STR-9'),(28117,3,'25-STR-9'),(29908,3,'25-STR-9'),(44798,5,'25-STR-9'),(53240,1,'25-STR-9'),(76663,1,'25-STR-9'),(83085,1,'25-STR-9'),(85492,2,'25-STR-9'),(99994,1,'25-STR-9'),(12698,3,'26-8x10'),(16034,2,'26-8x10'),(19002,1,'26-8x10'),(34579,4,'26-8x10'),(49977,1,'26-8x10'),(51991,4,'26-8x10'),(52761,2,'26-8x10'),(70655,1,'26-8x10'),(83085,5,'26-8x10'),(96761,1,'26-8x10'),(98806,1,'26-8x10'),(99994,2,'26-8x10'),(16034,3,'45-CH'),(25121,3,'45-CH'),(39217,3,'45-CH'),(44590,4,'45-CH'),(49977,3,'45-CH'),(54935,2,'45-CH'),(58770,3,'45-CH'),(61948,3,'45-CH'),(70796,3,'45-CH'),(89182,5,'45-CH'),(95514,1,'45-CH'),(99058,4,'45-CH'),(11548,1,'45-CO'),(11891,1,'45-CO'),(21622,1,'45-CO'),(33060,1,'45-CO'),(37540,1,'45-CO'),(49977,2,'45-CO'),(59716,4,'45-CO'),(65165,4,'45-CO'),(70655,4,'45-CO'),(70723,1,'45-CO'),(70796,1,'45-CO'),(78179,4,'45-CO'),(82056,4,'45-CO'),(21545,5,'45-VA'),(29908,1,'45-VA'),(32565,3,'45-VA'),(34378,2,'45-VA'),(36423,1,'45-VA'),(38849,1,'45-VA'),(46014,3,'45-VA'),(55494,2,'45-VA'),(74952,1,'45-VA'),(79287,2,'45-VA'),(92252,4,'45-VA'),(95962,4,'45-VA'),(99002,2,'45-VA'),(11891,3,'46-11'),(13355,3,'46-11'),(16034,1,'46-11'),(16034,5,'46-11'),(33060,2,'46-11'),(33456,1,'46-11'),(35904,1,'46-11'),(38849,3,'46-11'),(53376,4,'46-11'),(53922,2,'46-11'),(58770,2,'46-11'),(64861,2,'46-11'),(68753,2,'46-11'),(70162,1,'46-11'),(77032,2,'46-11'),(95514,2,'46-11'),(21545,3,'50-ALM'),(29226,5,'50-ALM'),(36343,4,'50-ALM'),(41963,1,'50-ALM'),(52013,2,'50-ALM'),(60240,2,'50-ALM'),(64861,1,'50-ALM'),(68890,1,'50-ALM'),(77032,3,'50-ALM'),(86162,2,'50-ALM'),(86162,5,'50-ALM'),(89182,4,'50-ALM'),(89638,3,'50-ALM'),(96402,1,'50-ALM'),(13496,4,'50-APP'),(15286,2,'50-APP'),(16532,1,'50-APP'),(17488,1,'50-APP'),(17685,2,'50-APP'),(17729,2,'50-APP'),(17947,1,'50-APP'),(26198,3,'50-APP'),(26741,2,'50-APP'),(28117,2,'50-APP'),(32565,1,'50-APP'),(32565,2,'50-APP'),(39685,1,'50-APP'),(86085,2,'50-APP'),(87454,2,'50-APP'),(91192,3,'50-APP'),(96531,2,'50-APP'),(11891,2,'50-APR'),(31233,2,'50-APR'),(32701,2,'50-APR'),(38849,5,'50-APR'),(56365,1,'50-APR'),(70162,3,'50-APR'),(73438,2,'50-APR'),(77406,3,'50-APR'),(77406,4,'50-APR'),(79296,2,'50-APR'),(86085,1,'50-APR'),(98806,2,'50-APR'),(49845,3,'50-CH'),(73716,4,'50-CH'),(77032,1,'50-CH'),(82056,2,'50-CH'),(95962,3,'50-CH'),(99994,4,'50-CH'),(24200,1,'50-CHS'),(25121,1,'50-CHS'),(31233,3,'50-CHS'),(35011,1,'50-CHS'),(45062,1,'50-CHS'),(48981,2,'50-CHS'),(52761,3,'50-CHS'),(55944,5,'50-CHS'),(58770,1,'50-CHS'),(67314,2,'50-CHS'),(78179,2,'50-CHS'),(81368,1,'50-CHS'),(86162,3,'50-CHS'),(86861,2,'50-CHS'),(96531,4,'50-CHS'),(96761,3,'50-CHS'),(96761,4,'50-CHS'),(99002,1,'50-CHS'),(99058,1,'50-CHS'),(12698,1,'51-APP'),(34910,1,'51-APP'),(41064,3,'51-APP'),(46876,2,'51-APP'),(74741,2,'51-APP'),(84258,1,'51-APP'),(89182,2,'51-APP'),(91192,1,'51-APP'),(95514,4,'51-APP'),(98806,4,'51-APP'),(18951,1,'51-APR'),(37540,2,'51-APR'),(53376,1,'51-APR'),(59716,1,'51-APR'),(60469,1,'51-APR'),(61378,1,'51-APR'),(64301,2,'51-APR'),(65091,1,'51-APR'),(66704,2,'51-APR'),(68199,1,'51-APR'),(72949,1,'51-APR'),(83437,2,'51-APR'),(89182,1,'51-APR'),(91937,2,'51-APR'),(13496,3,'51-ATW'),(17685,3,'51-ATW'),(17729,1,'51-ATW'),(29908,2,'51-ATW'),(38849,4,'51-ATW'),(39217,2,'51-ATW'),(46014,1,'51-ATW'),(53240,2,'51-ATW'),(64477,4,'51-ATW'),(64574,1,'51-ATW'),(77406,1,'51-ATW'),(78187,1,'51-ATW'),(78187,2,'51-ATW'),(81517,2,'51-ATW'),(83085,4,'51-ATW'),(86085,4,'51-ATW'),(91192,2,'51-ATW'),(92252,2,'51-ATW'),(12396,3,'51-BC'),(27741,2,'51-BC'),(29226,3,'51-BC'),(31233,4,'51-BC'),(34910,4,'51-BC'),(36343,1,'51-BC'),(36343,2,'51-BC'),(42833,3,'51-BC'),(45976,2,'51-BC'),(46674,1,'51-BC'),(48647,1,'51-BC'),(64451,2,'51-BC'),(64553,1,'51-BC'),(67314,1,'51-BC'),(68753,5,'51-BC'),(79296,4,'51-BC'),(84258,2,'51-BC'),(89937,2,'51-BC'),(91937,1,'51-BC'),(26148,3,'51-BLU'),(55690,2,'51-BLU'),(59774,1,'51-BLU'),(68753,3,'51-BLU'),(72949,4,'51-BLU'),(76951,1,'51-BLU'),(78179,1,'51-BLU'),(79287,5,'51-BLU'),(85858,3,'51-BLU'),(86162,1,'51-BLU'),(86861,4,'51-BLU'),(89937,1,'51-BLU'),(92252,3,'51-BLU'),(94371,1,'51-BLU'),(99058,3,'51-BLU'),(21545,2,'70-GA'),(26198,1,'70-GA'),(26741,1,'70-GA'),(29908,4,'70-GA'),(34579,2,'70-GA'),(40305,2,'70-GA'),(48332,1,'70-GA'),(59774,2,'70-GA'),(96531,3,'70-GA'),(26198,2,'70-GON'),(35073,2,'70-GON'),(53922,4,'70-GON'),(61797,1,'70-GON'),(61948,2,'70-GON'),(76667,1,'70-GON'),(86861,3,'70-GON'),(92252,1,'70-GON'),(11923,1,'70-LEM'),(12800,1,'70-LEM'),(13355,2,'70-LEM'),(15584,1,'70-LEM'),(18567,1,'70-LEM'),(20913,3,'70-LEM'),(38157,3,'70-LEM'),(49845,2,'70-LEM'),(64553,3,'70-LEM'),(66704,3,'70-LEM'),(72949,2,'70-LEM'),(73716,3,'70-LEM'),(89182,3,'70-LEM'),(96258,4,'70-LEM'),(96761,2,'70-LEM'),(10013,1,'70-M-CH-DZ'),(20127,2,'70-M-CH-DZ'),(20913,2,'70-M-CH-DZ'),(23034,1,'70-M-CH-DZ'),(26148,4,'70-M-CH-DZ'),(39575,1,'70-M-CH-DZ'),(39685,2,'70-M-CH-DZ'),(43103,1,'70-M-CH-DZ'),(46248,1,'70-M-CH-DZ'),(55690,1,'70-M-CH-DZ'),(61797,4,'70-M-CH-DZ'),(70162,2,'70-M-CH-DZ'),(73437,1,'70-M-CH-DZ'),(75468,1,'70-M-CH-DZ'),(75468,2,'70-M-CH-DZ'),(81517,1,'70-M-CH-DZ'),(85492,1,'70-M-CH-DZ'),(85492,4,'70-M-CH-DZ'),(89638,1,'70-M-CH-DZ'),(89638,2,'70-M-CH-DZ'),(12396,2,'70-M-VA-SM-DZ'),(31233,1,'70-M-VA-SM-DZ'),(36343,3,'70-M-VA-SM-DZ'),(38849,2,'70-M-VA-SM-DZ'),(42162,1,'70-M-VA-SM-DZ'),(42166,1,'70-M-VA-SM-DZ'),(45873,1,'70-M-VA-SM-DZ'),(53922,1,'70-M-VA-SM-DZ'),(56724,1,'70-M-VA-SM-DZ'),(61797,3,'70-M-VA-SM-DZ'),(63998,1,'70-M-VA-SM-DZ'),(85858,2,'70-M-VA-SM-DZ'),(86678,1,'70-M-VA-SM-DZ'),(92252,5,'70-M-VA-SM-DZ'),(15286,1,'70-MAR'),(16532,2,'70-MAR'),(17685,4,'70-MAR'),(31874,1,'70-MAR'),(31874,2,'70-MAR'),(38157,1,'70-MAR'),(59716,2,'70-MAR'),(61948,1,'70-MAR'),(66227,3,'70-MAR'),(70162,4,'70-MAR'),(72207,1,'70-MAR'),(74741,3,'70-MAR'),(77032,4,'70-MAR'),(95514,3,'70-MAR'),(97097,1,'70-MAR'),(12698,2,'70-R'),(16034,4,'70-R'),(21040,1,'70-R'),(26198,5,'70-R'),(27192,1,'70-R'),(41064,1,'70-R'),(44330,1,'70-R'),(46598,1,'70-R'),(46598,3,'70-R'),(48332,2,'70-R'),(54935,1,'70-R'),(55944,3,'70-R'),(55944,4,'70-R'),(62707,1,'70-R'),(65165,3,'70-R'),(68753,1,'70-R'),(78179,5,'70-R'),(89937,4,'70-R'),(16532,3,'70-TU'),(18129,1,'70-TU'),(21162,2,'70-TU'),(27192,3,'70-TU'),(34579,3,'70-TU'),(37063,1,'70-TU'),(37586,1,'70-TU'),(46876,1,'70-TU'),(47353,3,'70-TU'),(50660,1,'70-TU'),(52369,2,'70-TU'),(64477,1,'70-TU'),(64574,2,'70-TU'),(67314,3,'70-TU'),(70655,2,'70-TU'),(86162,4,'70-TU'),(13496,1,'70-W'),(29226,4,'70-W'),(37063,3,'70-W'),(42833,2,'70-W'),(46598,2,'70-W'),(52013,1,'70-W'),(64301,1,'70-W'),(64574,3,'70-W'),(68753,4,'70-W'),(72949,5,'70-W'),(12800,3,'90-ALM-I'),(13496,2,'90-ALM-I'),(39217,1,'90-ALM-I'),(52013,3,'90-ALM-I'),(52761,1,'90-ALM-I'),(52761,5,'90-ALM-I'),(59774,3,'90-ALM-I'),(65165,2,'90-ALM-I'),(70655,3,'90-ALM-I'),(73716,2,'90-ALM-I'),(79296,3,'90-ALM-I'),(11548,2,'90-APIE-10'),(29226,2,'90-APIE-10'),(39109,1,'90-APIE-10'),(39685,4,'90-APIE-10'),(44798,3,'90-APIE-10'),(47353,2,'90-APIE-10'),(48647,2,'90-APIE-10'),(50660,2,'90-APIE-10'),(51991,1,'90-APIE-10'),(53376,3,'90-APIE-10'),(66227,2,'90-APIE-10'),(87454,1,'90-APIE-10'),(98806,3,'90-APIE-10'),(20411,1,'90-APP-11'),(21162,1,'90-APP-11'),(37063,2,'90-APP-11'),(39109,2,'90-APP-11'),(44798,4,'90-APP-11'),(49854,2,'90-APP-11'),(50512,1,'90-APP-11'),(51991,3,'90-APP-11'),(52013,4,'90-APP-11'),(55494,1,'90-APP-11'),(55690,3,'90-APP-11'),(59716,5,'90-APP-11'),(60240,1,'90-APP-11'),(61008,2,'90-APP-11'),(64553,2,'90-APP-11'),(64553,4,'90-APP-11'),(66227,1,'90-APP-11'),(74741,1,'90-APP-11'),(74952,2,'90-APP-11'),(76663,2,'90-APP-11'),(79287,4,'90-APP-11'),(82056,1,'90-APP-11'),(85881,1,'90-APP-11'),(88626,1,'90-APP-11'),(96402,3,'90-APP-11'),(12396,4,'90-APR-PF'),(12800,4,'90-APR-PF'),(15286,3,'90-APR-PF'),(18567,2,'90-APR-PF'),(20411,2,'90-APR-PF'),(21162,3,'90-APR-PF'),(23034,2,'90-APR-PF'),(27741,3,'90-APR-PF'),(35904,2,'90-APR-PF'),(37636,1,'90-APR-PF'),(39685,3,'90-APR-PF'),(41064,2,'90-APR-PF'),(44798,1,'90-APR-PF'),(46014,2,'90-APR-PF'),(47353,1,'90-APR-PF'),(62707,4,'90-APR-PF'),(67946,2,'90-APR-PF'),(67946,3,'90-APR-PF'),(82795,1,'90-APR-PF'),(83085,3,'90-APR-PF'),(86085,3,'90-APR-PF'),(95962,1,'90-APR-PF'),(12396,1,'90-BER-11'),(20127,1,'90-BER-11'),(21545,1,'90-BER-11'),(21545,4,'90-BER-11'),(25121,2,'90-BER-11'),(39605,1,'90-BER-11'),(41028,1,'90-BER-11'),(49854,1,'90-BER-11'),(61797,5,'90-BER-11'),(64301,3,'90-BER-11'),(64451,1,'90-BER-11'),(66704,1,'90-BER-11'),(74952,3,'90-BER-11'),(84665,1,'90-BER-11'),(89937,3,'90-BER-11'),(27741,1,'90-BLK-PF'),(32701,1,'90-BLK-PF'),(33060,3,'90-BLK-PF'),(33456,2,'90-BLK-PF'),(39217,4,'90-BLK-PF'),(46014,5,'90-BLK-PF'),(47353,4,'90-BLK-PF'),(49845,1,'90-BLK-PF'),(52761,4,'90-BLK-PF'),(61378,2,'90-BLK-PF'),(64451,4,'90-BLK-PF'),(64477,3,'90-BLK-PF'),(66227,4,'90-BLK-PF'),(72949,3,'90-BLK-PF'),(77406,2,'90-BLK-PF'),(78179,3,'90-BLK-PF'),(82056,3,'90-BLK-PF'),(89588,1,'90-BLK-PF'),(96258,2,'90-BLK-PF'),(96619,1,'90-BLK-PF'),(17729,3,'90-BLU-11'),(26148,2,'90-BLU-11'),(27192,2,'90-BLU-11'),(43752,1,'90-BLU-11'),(44330,2,'90-BLU-11'),(44590,1,'90-BLU-11'),(44590,3,'90-BLU-11'),(53376,5,'90-BLU-11'),(59716,3,'90-BLU-11'),(60270,2,'90-BLU-11'),(70796,4,'90-BLU-11'),(85492,3,'90-BLU-11'),(99058,2,'90-BLU-11'),(15904,1,'90-CH-PF'),(17729,4,'90-CH-PF'),(21040,3,'90-CH-PF'),(28117,1,'90-CH-PF'),(29908,5,'90-CH-PF'),(37636,2,'90-CH-PF'),(41963,2,'90-CH-PF'),(44798,2,'90-CH-PF'),(46014,4,'90-CH-PF'),(51991,2,'90-CH-PF'),(57784,1,'90-CH-PF'),(61797,2,'90-CH-PF'),(81368,2,'90-CH-PF'),(89638,4,'90-CH-PF'),(19258,1,'90-CHR-11'),(34378,1,'90-CHR-11'),(35073,1,'90-CHR-11'),(38157,2,'90-CHR-11'),(38157,4,'90-CHR-11'),(42833,1,'90-CHR-11'),(48647,3,'90-CHR-11'),(48981,1,'90-CHR-11'),(52369,1,'90-CHR-11'),(53376,2,'90-CHR-11'),(62707,2,'90-CHR-11'),(73438,1,'90-CHR-11'),(75468,3,'90-CHR-11'),(95962,2,'90-CHR-11'),(96258,1,'90-CHR-11'),(99058,5,'90-CHR-11'),(20913,1,'90-LEM-11'),(31874,3,'90-LEM-11'),(55944,2,'90-LEM-11'),(67946,4,'90-LEM-11'),(75526,1,'90-LEM-11'),(76667,2,'90-LEM-11'),(79287,3,'90-LEM-11'),(83437,1,'90-LEM-11'),(86678,2,'90-LEM-11'),(29226,1,'90-PEC-11'),(34910,3,'90-PEC-11'),(44590,5,'90-PEC-11'),(49845,4,'90-PEC-11'),(64477,2,'90-PEC-11'),(67946,1,'90-PEC-11'),(73716,1,'90-PEC-11'),(79287,1,'90-PEC-11'),(79296,1,'90-PEC-11'),(79296,5,'90-PEC-11'),(96430,1,'90-PEC-11'),(99994,3,'90-PEC-11');
/*!40000 ALTER TABLE `Items` ENABLE KEYS */;
UNLOCK TABLES;

--
-- Dumping data for table `Receipts`
--

LOCK TABLES `Receipts` WRITE;
/*!40000 ALTER TABLE `Receipts` DISABLE KEYS */;
INSERT INTO `Receipts` VALUES (10013,'17-Oct-2007',15),(11548,'21-Oct-2007',13),(11891,'30-Oct-2007',7),(11923,'9-Oct-2007',15),(12396,'10-Oct-2007',10),(12698,'23-Oct-2007',19),(12800,'22-Oct-2007',11),(13355,'19-Oct-2007',7),(13496,'30-Oct-2007',11),(15286,'11-Oct-2007',6),(15584,'13-Oct-2007',3),(15904,'6-Oct-2007',13),(16034,'10-Oct-2007',4),(16532,'21-Oct-2007',4),(17488,'20-Oct-2007',6),(17685,'2-Oct-2007',12),(17729,'16-Oct-2007',16),(17947,'27-Oct-2007',7),(18129,'28-Oct-2007',15),(18567,'13-Oct-2007',7),(18951,'14-Oct-2007',20),(19002,'19-Oct-2007',6),(19258,'25-Oct-2007',5),(20127,'7-Oct-2007',15),(20411,'8-Oct-2007',7),(20913,'7-Oct-2007',8),(21040,'3-Oct-2007',6),(21162,'4-Oct-2007',8),(21545,'22-Oct-2007',12),(21622,'10-Oct-2007',7),(23034,'15-Oct-2007',17),(24200,'16-Oct-2007',9),(24829,'7-Oct-2007',15),(25121,'20-Oct-2007',18),(25906,'29-Oct-2007',15),(26148,'19-Oct-2007',20),(26198,'12-Oct-2007',11),(26240,'7-Oct-2007',16),(26741,'24-Oct-2007',7),(27192,'28-Oct-2007',9),(27741,'25-Oct-2007',8),(28117,'9-Oct-2007',5),(29226,'26-Oct-2007',14),(29908,'14-Oct-2007',13),(31233,'20-Oct-2007',13),(31874,'13-Oct-2007',2),(32565,'24-Oct-2007',14),(32701,'19-Oct-2007',16),(33060,'29-Oct-2007',20),(33456,'5-Oct-2007',16),(34378,'23-Oct-2007',6),(34579,'8-Oct-2007',7),(34910,'7-Oct-2007',20),(35011,'10-Oct-2007',20),(35073,'23-Oct-2007',5),(35904,'21-Oct-2007',10),(36343,'31-Oct-2007',19),(36423,'24-Oct-2007',16),(37063,'22-Oct-2007',14),(37540,'3-Oct-2007',20),(37586,'3-Oct-2007',8),(37636,'20-Oct-2007',1),(38157,'23-Oct-2007',16),(38849,'25-Oct-2007',1),(39109,'2-Oct-2007',16),(39217,'19-Oct-2007',20),(39575,'20-Oct-2007',20),(39605,'12-Oct-2007',12),(39685,'28-Oct-2007',1),(39829,'31-Oct-2007',3),(40305,'25-Oct-2007',8),(41028,'6-Oct-2007',17),(41064,'25-Oct-2007',16),(41963,'29-Oct-2007',8),(42162,'16-Oct-2007',7),(42166,'14-Oct-2007',8),(42833,'22-Oct-2007',3),(43103,'7-Oct-2007',4),(43752,'5-Oct-2007',5),(44330,'20-Oct-2007',18),(44590,'12-Oct-2007',1),(44798,'4-Oct-2007',16),(45062,'23-Oct-2007',1),(45873,'5-Oct-2007',13),(45976,'3-Oct-2007',10),(46014,'16-Oct-2007',15),(46248,'12-Oct-2007',11),(46598,'3-Oct-2007',14),(46674,'29-Oct-2007',15),(46876,'6-Oct-2007',13),(47353,'12-Oct-2007',6),(48332,'15-Oct-2007',20),(48647,'9-Oct-2007',3),(48981,'24-Oct-2007',20),(49845,'31-Oct-2007',20),(49854,'12-Oct-2007',2),(49977,'18-Oct-2007',3),(50512,'27-Oct-2007',8),(50660,'18-Oct-2007',9),(51991,'17-Oct-2007',14),(52013,'5-Oct-2007',13),(52369,'15-Oct-2007',5),(52761,'27-Oct-2007',8),(53240,'3-Oct-2007',14),(53376,'30-Oct-2007',8),(53922,'13-Oct-2007',2),(54935,'16-Oct-2007',14),(55494,'20-Oct-2007',15),(55690,'15-Oct-2007',19),(55944,'16-Oct-2007',19),(56365,'14-Oct-2007',12),(56724,'9-Oct-2007',13),(57784,'15-Oct-2007',7),(58770,'22-Oct-2007',18),(59716,'30-Oct-2007',2),(59774,'2-Oct-2007',16),(60240,'17-Oct-2007',17),(60270,'31-Oct-2007',11),(60469,'20-Oct-2007',4),(61008,'9-Oct-2007',14),(61378,'8-Oct-2007',11),(61797,'30-Oct-2007',8),(61948,'4-Oct-2007',5),(62707,'7-Oct-2007',8),(63998,'13-Oct-2007',20),(64301,'12-Oct-2007',14),(64451,'10-Oct-2007',11),(64477,'16-Oct-2007',6),(64553,'8-Oct-2007',17),(64574,'2-Oct-2007',6),(64861,'15-Oct-2007',10),(65091,'9-Oct-2007',17),(65165,'4-Oct-2007',4),(66227,'10-Oct-2007',1),(66704,'29-Oct-2007',14),(67314,'23-Oct-2007',6),(67946,'18-Oct-2007',7),(68199,'4-Oct-2007',9),(68753,'11-Oct-2007',5),(68890,'27-Oct-2007',7),(70162,'9-Oct-2007',19),(70655,'6-Oct-2007',2),(70723,'28-Oct-2007',20),(70796,'31-Oct-2007',12),(72207,'15-Oct-2007',1),(72949,'2-Oct-2007',6),(73437,'1-Oct-2007',6),(73438,'18-Oct-2007',10),(73716,'29-Oct-2007',18),(74741,'12-Oct-2007',20),(74952,'16-Oct-2007',5),(75468,'21-Oct-2007',10),(75526,'22-Oct-2007',18),(76663,'4-Oct-2007',10),(76667,'14-Oct-2007',15),(76951,'27-Oct-2007',14),(77032,'28-Oct-2007',14),(77406,'9-Oct-2007',13),(78179,'24-Oct-2007',14),(78187,'17-Oct-2007',14),(79287,'30-Oct-2007',8),(79296,'3-Oct-2007',19),(81368,'17-Oct-2007',19),(81517,'10-Oct-2007',1),(82056,'7-Oct-2007',18),(82795,'8-Oct-2007',15),(83085,'12-Oct-2007',7),(83437,'15-Oct-2007',8),(84258,'22-Oct-2007',2),(84665,'10-Oct-2007',6),(85492,'20-Oct-2007',12),(85858,'31-Oct-2007',1),(85881,'13-Oct-2007',1),(86085,'16-Oct-2007',1),(86162,'10-Oct-2007',16),(86678,'24-Oct-2007',3),(86861,'26-Oct-2007',9),(87454,'21-Oct-2007',6),(88626,'25-Oct-2007',17),(89182,'29-Oct-2007',5),(89588,'9-Oct-2007',7),(89638,'7-Oct-2007',4),(89937,'20-Oct-2007',7),(91192,'10-Oct-2007',5),(91937,'21-Oct-2007',12),(92252,'25-Oct-2007',7),(94371,'22-Oct-2007',8),(95514,'9-Oct-2007',10),(95962,'26-Oct-2007',8),(96258,'12-Oct-2007',8),(96402,'4-Oct-2007',6),(96430,'4-Oct-2007',18),(96531,'12-Oct-2007',8),(96619,'7-Oct-2007',18),(96761,'14-Oct-2007',20),(97097,'23-Oct-2007',9),(98806,'15-Oct-2007',17),(99002,'13-Oct-2007',20),(99058,'3-Oct-2007',14),(99994,'21-Oct-2007',6);
/*!40000 ALTER TABLE `Receipts` ENABLE KEYS */;
UNLOCK TABLES;
/*!40103 SET TIME_ZONE=@OLD_TIME_ZONE */;

/*!40101 SET SQL_MODE=@OLD_SQL_MODE */;
/*!40014 SET FOREIGN_KEY_CHECKS=@OLD_FOREIGN_KEY_CHECKS */;
/*!40014 SET UNIQUE_CHECKS=@OLD_UNIQUE_CHECKS */;
/*!40101 SET CHARACTER_SET_CLIENT=@OLD_CHARACTER_SET_CLIENT */;
/*!40101 SET CHARACTER_SET_RESULTS=@OLD_CHARACTER_SET_RESULTS */;
/*!40101 SET COLLATION_CONNECTION=@OLD_COLLATION_CONNECTION */;
/*!40111 SET SQL_NOTES=@OLD_SQL_NOTES */;

-- Dump completed on 2025-12-10  9:46:12
